,region,powertrain,year,sales
0,Australia,BEV,2011,49
1,Australia,BEV,2012,170
2,Australia,PHEV,2012,80
3,Australia,PHEV,2013,100
4,Australia,BEV,2013,190
5,Australia,BEV,2014,370
6,Australia,PHEV,2014,950
7,Australia,PHEV,2015,1000
8,Australia,BEV,2015,760
9,Australia,BEV,2016,670
10,Australia,PHEV,2016,700
11,Australia,PHEV,2017,1100
12,Australia,BEV,2017,1200
13,Australia,BEV,2018,1800
14,Australia,PHEV,2018,1800
15,Australia,PHEV,2019,2900
16,Australia,BEV,2019,6300
17,Australia,BEV,2020,5200
18,Australia,PHEV,2020,1700
19,Australia,PHEV,2021,3400
20,Australia,BEV,2021,17000
21,Australia,FCEV,2021,44
22,Australia,FCEV,2022,15
23,Australia,BEV,2022,33000
24,Australia,PHEV,2022,5900
25,Australia,PHEV,2023,11000
26,Australia,BEV,2023,87000
27,Australia,FCEV,2023,6
28,Austria,BEV,2013,650
29,Austria,BEV,2014,1700
30,Austria,FCEV,2014,6
31,Austria,FCEV,2015,4
32,Austria,PHEV,2015,1100
33,Austria,BEV,2015,1700
34,Austria,BEV,2016,3800
35,Austria,PHEV,2016,1200
36,Austria,FCEV,2017,2
37,Austria,PHEV,2017,1700
38,Austria,BEV,2017,5400
39,Austria,BEV,2018,6800
40,Austria,PHEV,2018,2300
41,Austria,FCEV,2018,7
42,Austria,FCEV,2019,19
43,Austria,BEV,2019,9300
44,Austria,PHEV,2019,2200
45,Austria,PHEV,2020,7600
46,Austria,BEV,2020,16000
47,Austria,FCEV,2020,14
48,Austria,FCEV,2021,14
49,Austria,BEV,2021,33000
50,Austria,PHEV,2021,15000
51,Austria,PHEV,2022,13000
52,Austria,BEV,2022,34000
53,Austria,FCEV,2022,14
54,Austria,FCEV,2023,9
55,Austria,BEV,2023,48000
56,Austria,PHEV,2023,17000
57,Belgium,BEV,2010,48
58,Belgium,PHEV,2010,8
59,Belgium,PHEV,2011,16
60,Belgium,BEV,2011,280
61,Belgium,BEV,2012,570
62,Belgium,PHEV,2012,340
63,Belgium,PHEV,2013,60
64,Belgium,BEV,2013,500
65,Belgium,BEV,2014,1300
66,Belgium,PHEV,2014,650
67,Belgium,PHEV,2015,2500
68,Belgium,FCEV,2015,2
69,Belgium,BEV,2015,1400
70,Belgium,BEV,2016,2100
71,Belgium,FCEV,2016,7
72,Belgium,PHEV,2016,7100
73,Belgium,PHEV,2017,12000
74,Belgium,FCEV,2017,11
75,Belgium,BEV,2017,2700
76,Belgium,BEV,2018,3600
77,Belgium,FCEV,2018,13
78,Belgium,PHEV,2018,9600
79,Belgium,PHEV,2019,8900
80,Belgium,FCEV,2019,12
81,Belgium,BEV,2019,8800
82,Belgium,BEV,2020,15000
83,Belgium,FCEV,2020,4
84,Belgium,PHEV,2020,32000
85,Belgium,PHEV,2021,48000
86,Belgium,FCEV,2021,21
87,Belgium,BEV,2021,23000
88,Belgium,BEV,2022,38000
89,Belgium,FCEV,2022,20
90,Belgium,PHEV,2022,59000
91,Belgium,PHEV,2023,100000
92,Belgium,FCEV,2023,9
93,Belgium,BEV,2023,93000
94,Brazil,BEV,2010,10
95,Brazil,BEV,2011,8
96,Brazil,BEV,2012,22
97,Brazil,PHEV,2012,18
98,Brazil,PHEV,2013,33
99,Brazil,BEV,2013,39
100,Brazil,BEV,2014,61
101,Brazil,BEV,2015,61
102,Brazil,PHEV,2015,28
103,Brazil,PHEV,2016,47
104,Brazil,BEV,2016,130
105,Brazil,BEV,2017,140
106,Brazil,PHEV,2017,290
107,Brazil,PHEV,2018,230
108,Brazil,BEV,2018,180
109,Brazil,BEV,2019,540
110,Brazil,PHEV,2019,1400
111,Brazil,PHEV,2020,1800
112,Brazil,BEV,2020,800
113,Brazil,BEV,2021,2900
114,Brazil,FCEV,2021,1
115,Brazil,PHEV,2021,11000
116,Brazil,PHEV,2022,10000
117,Brazil,FCEV,2022,2
118,Brazil,BEV,2022,8500
119,Brazil,BEV,2023,19000
120,Brazil,PHEV,2023,33000
121,Bulgaria,BEV,2015,21
122,Bulgaria,BEV,2016,5
123,Bulgaria,PHEV,2016,8
124,Bulgaria,PHEV,2017,38
125,Bulgaria,BEV,2017,68
126,Bulgaria,BEV,2018,190
127,Bulgaria,PHEV,2018,26
128,Bulgaria,PHEV,2019,56
129,Bulgaria,BEV,2019,180
130,Bulgaria,BEV,2020,140
131,Bulgaria,PHEV,2020,41
132,Bulgaria,PHEV,2021,120
133,Bulgaria,BEV,2021,430
134,Bulgaria,BEV,2022,1000
135,Bulgaria,PHEV,2022,140
136,Bulgaria,PHEV,2023,360
137,Bulgaria,BEV,2023,1800
138,Canada,PHEV,2011,300
139,Canada,BEV,2011,220
140,Canada,BEV,2012,620
141,Canada,PHEV,2012,1300
142,Canada,PHEV,2013,1500
143,Canada,BEV,2013,1600
144,Canada,BEV,2014,2800
145,Canada,PHEV,2014,2300
146,Canada,PHEV,2015,2400
147,Canada,BEV,2015,4400
148,Canada,BEV,2016,5200
149,Canada,PHEV,2016,6400
150,Canada,PHEV,2017,8000
151,Canada,BEV,2017,8700
152,Canada,BEV,2018,23000
153,Canada,PHEV,2018,21000
154,Canada,PHEV,2019,19000
155,Canada,BEV,2019,32000
156,Canada,FCEV,2019,79
157,Canada,FCEV,2020,16
158,Canada,BEV,2020,37000
159,Canada,PHEV,2020,14000
160,Canada,PHEV,2021,28000
161,Canada,BEV,2021,59000
162,Canada,FCEV,2021,130
163,Canada,FCEV,2022,19
164,Canada,BEV,2022,91000
165,Canada,PHEV,2022,24000
166,Canada,PHEV,2023,41000
167,Canada,BEV,2023,130000
168,Canada,FCEV,2023,13
169,Chile,BEV,2011,6
170,Chile,BEV,2012,5
171,Chile,BEV,2013,5
172,Chile,BEV,2014,3
173,Chile,PHEV,2014,14
174,Chile,PHEV,2015,23
175,Chile,BEV,2015,10
176,Chile,BEV,2016,18
177,Chile,PHEV,2016,9
178,Chile,PHEV,2017,15
179,Chile,BEV,2017,120
180,Chile,BEV,2018,100
181,Chile,PHEV,2018,68
182,Chile,PHEV,2019,140
183,Chile,BEV,2019,160
184,Chile,BEV,2020,110
185,Chile,PHEV,2020,79
186,Chile,PHEV,2021,300
187,Chile,FCEV,2021,1
188,Chile,BEV,2021,270
189,Chile,BEV,2022,880
190,Chile,FCEV,2022,1
191,Chile,PHEV,2022,620
192,Chile,PHEV,2023,510
193,Chile,BEV,2023,410
194,China,BEV,2010,1100
195,China,PHEV,2010,340
196,China,PHEV,2011,320
197,China,BEV,2011,4800
198,China,BEV,2012,9600
199,China,PHEV,2012,260
200,China,PHEV,2013,730
201,China,BEV,2013,15000
202,China,BEV,2014,49000
203,China,PHEV,2014,24000
204,China,PHEV,2015,61000
205,China,BEV,2015,150000
206,China,BEV,2016,260000
207,China,PHEV,2016,79000
208,China,PHEV,2017,110000
209,China,BEV,2017,470000
210,China,BEV,2018,820000
211,China,PHEV,2018,270000
212,China,PHEV,2019,230000
213,China,BEV,2019,830000
214,China,BEV,2020,920000
215,China,PHEV,2020,220000
216,China,FCEV,2021,19
217,China,PHEV,2021,550000
218,China,BEV,2021,2700000
219,China,BEV,2022,4400000
220,China,PHEV,2022,1500000
221,China,FCEV,2022,240
222,China,FCEV,2023,520
223,China,PHEV,2023,2700000
224,China,BEV,2023,5400000
225,Colombia,BEV,2015,39
226,Colombia,PHEV,2015,3
227,Colombia,PHEV,2016,25
228,Colombia,BEV,2016,28
229,Colombia,BEV,2017,92
230,Colombia,PHEV,2017,56
231,Colombia,PHEV,2018,320
232,Colombia,BEV,2018,250
233,Colombia,BEV,2019,870
234,Colombia,PHEV,2019,450
235,Colombia,PHEV,2020,470
236,Colombia,BEV,2020,480
237,Colombia,BEV,2021,840
238,Colombia,PHEV,2021,1700
239,Colombia,PHEV,2022,2400
240,Colombia,BEV,2022,1900
241,Colombia,BEV,2023,3600
242,Colombia,PHEV,2023,2500
243,Costa Rica,BEV,2015,4
244,Costa Rica,BEV,2016,12
245,Costa Rica,BEV,2017,25
246,Costa Rica,BEV,2018,200
247,Costa Rica,BEV,2019,460
248,Costa Rica,BEV,2020,630
249,Costa Rica,BEV,2021,1000
250,Costa Rica,BEV,2022,1600
251,Costa Rica,BEV,2023,4900
252,Croatia,BEV,2019,190
253,Croatia,PHEV,2019,67
254,Croatia,PHEV,2020,140
255,Croatia,BEV,2020,530
256,Croatia,BEV,2021,1400
257,Croatia,PHEV,2021,400
258,Croatia,PHEV,2022,840
259,Croatia,BEV,2022,1400
260,Croatia,BEV,2023,1600
261,Croatia,PHEV,2023,990
262,Cyprus,BEV,2019,23
263,Cyprus,BEV,2020,42
264,Cyprus,PHEV,2020,83
265,Cyprus,PHEV,2021,98
266,Cyprus,BEV,2021,84
267,Cyprus,BEV,2022,400
268,Cyprus,PHEV,2022,230
269,Cyprus,PHEV,2023,510
270,Cyprus,BEV,2023,790
271,Czech Republic,BEV,2015,300
272,Czech Republic,BEV,2016,200
273,Czech Republic,BEV,2017,390
274,Czech Republic,BEV,2018,700
275,Czech Republic,PHEV,2018,280
276,Czech Republic,PHEV,2019,470
277,Czech Republic,BEV,2019,760
278,Czech Republic,BEV,2020,3300
279,Czech Republic,PHEV,2020,2000
280,Czech Republic,PHEV,2021,3700
281,Czech Republic,BEV,2021,2700
282,Czech Republic,BEV,2022,3900
283,Czech Republic,PHEV,2022,3600
284,Czech Republic,PHEV,2023,5300
285,Czech Republic,BEV,2023,6700
286,Denmark,BEV,2011,420
287,Denmark,PHEV,2011,2
288,Denmark,PHEV,2012,12
289,Denmark,BEV,2012,490
290,Denmark,BEV,2013,500
291,Denmark,FCEV,2013,15
292,Denmark,PHEV,2013,10
293,Denmark,PHEV,2014,90
294,Denmark,FCEV,2014,1
295,Denmark,BEV,2014,1600
296,Denmark,BEV,2015,4300
297,Denmark,FCEV,2015,38
298,Denmark,PHEV,2015,420
299,Denmark,PHEV,2016,570
300,Denmark,FCEV,2016,14
301,Denmark,BEV,2016,1300
302,Denmark,BEV,2017,710
303,Denmark,FCEV,2017,15
304,Denmark,PHEV,2017,620
305,Denmark,PHEV,2018,3100
306,Denmark,FCEV,2018,5
307,Denmark,BEV,2018,1500
308,Denmark,BEV,2019,5500
309,Denmark,FCEV,2019,8
310,Denmark,PHEV,2019,3900
311,Denmark,PHEV,2020,18000
312,Denmark,FCEV,2020,45
313,Denmark,BEV,2020,14000
314,Denmark,BEV,2021,25000
315,Denmark,FCEV,2021,78
316,Denmark,PHEV,2021,40000
317,Denmark,PHEV,2022,26000
318,Denmark,FCEV,2022,6
319,Denmark,BEV,2022,31000
320,Denmark,BEV,2023,63000
321,Denmark,FCEV,2023,1
322,Denmark,PHEV,2023,17000
323,Estonia,BEV,2015,34
324,Estonia,BEV,2016,35
325,Estonia,BEV,2017,26
326,Estonia,PHEV,2017,20
327,Estonia,PHEV,2018,33
328,Estonia,BEV,2018,85
329,Estonia,BEV,2019,80
330,Estonia,PHEV,2019,17
331,Estonia,PHEV,2020,75
332,Estonia,BEV,2020,340
333,Estonia,BEV,2021,480
334,Estonia,PHEV,2021,240
335,Estonia,PHEV,2022,430
336,Estonia,BEV,2022,730
337,Estonia,BEV,2023,1400
338,Estonia,PHEV,2023,560
339,EU27,BEV,2010,1100
340,EU27,FCEV,2010,16
341,EU27,PHEV,2010,91
342,EU27,PHEV,2011,360
343,EU27,FCEV,2011,38
344,EU27,BEV,2011,7100
345,EU27,BEV,2012,12000
346,EU27,FCEV,2012,29
347,EU27,PHEV,2012,7500
348,EU27,PHEV,2013,24000
349,EU27,FCEV,2013,42
350,EU27,BEV,2013,21000
351,EU27,BEV,2014,33000
352,EU27,FCEV,2014,28
353,EU27,PHEV,2014,24000
354,EU27,PHEV,2015,70000
355,EU27,FCEV,2015,160
356,EU27,BEV,2015,49000
357,EU27,BEV,2016,54000
358,EU27,FCEV,2016,130
359,EU27,PHEV,2016,65000
360,EU27,PHEV,2017,89000
361,EU27,FCEV,2017,270
362,EU27,BEV,2017,85000
363,EU27,BEV,2018,140000
364,EU27,FCEV,2018,160
365,EU27,PHEV,2018,110000
366,EU27,PHEV,2019,140000
367,EU27,FCEV,2019,480
368,EU27,BEV,2019,250000
369,EU27,BEV,2020,540000
370,EU27,FCEV,2020,660
371,EU27,PHEV,2020,510000
372,EU27,PHEV,2021,880000
373,EU27,FCEV,2021,860
374,EU27,BEV,2021,890000
375,EU27,BEV,2022,1200000
376,EU27,FCEV,2022,1200
377,EU27,PHEV,2022,900000
378,EU27,PHEV,2023,850000
379,EU27,FCEV,2023,770
380,EU27,BEV,2023,1600000
381,Europe,BEV,2010,1700
382,Europe,FCEV,2010,27
383,Europe,PHEV,2010,110
384,Europe,PHEV,2011,410
385,Europe,FCEV,2011,38
386,Europe,BEV,2011,11000
387,Europe,BEV,2012,19000
388,Europe,FCEV,2012,29
389,Europe,PHEV,2012,9200
390,Europe,PHEV,2013,26000
391,Europe,FCEV,2013,42
392,Europe,BEV,2013,33000
393,Europe,BEV,2014,62000
394,Europe,FCEV,2014,32
395,Europe,PHEV,2014,34000
396,Europe,PHEV,2015,100000
397,Europe,FCEV,2015,190
398,Europe,BEV,2015,89000
399,Europe,BEV,2016,93000
400,Europe,FCEV,2016,180
401,Europe,PHEV,2016,120000
402,Europe,PHEV,2017,160000
403,Europe,FCEV,2017,340
404,Europe,BEV,2017,140000
405,Europe,BEV,2018,210000
406,Europe,FCEV,2018,280
407,Europe,PHEV,2018,190000
408,Europe,PHEV,2019,210000
409,Europe,FCEV,2019,610
410,Europe,BEV,2019,370000
411,Europe,BEV,2020,760000
412,Europe,FCEV,2020,740
413,Europe,PHEV,2020,640000
414,Europe,PHEV,2021,1100000
415,Europe,FCEV,2021,960
416,Europe,BEV,2021,1200000
417,Europe,BEV,2022,1600000
418,Europe,FCEV,2022,1300
419,Europe,PHEV,2022,1100000
420,Europe,PHEV,2023,1100000
421,Europe,FCEV,2023,820
422,Europe,BEV,2023,2200000
423,Finland,BEV,2011,30
424,Finland,BEV,2012,51
425,Finland,PHEV,2012,130
426,Finland,PHEV,2013,170
427,Finland,BEV,2013,50
428,Finland,BEV,2014,180
429,Finland,PHEV,2014,260
430,Finland,PHEV,2015,420
431,Finland,BEV,2015,240
432,Finland,BEV,2016,220
433,Finland,PHEV,2016,1200
434,Finland,PHEV,2017,2600
435,Finland,BEV,2017,500
436,Finland,BEV,2018,780
437,Finland,PHEV,2018,4900
438,Finland,PHEV,2019,6000
439,Finland,BEV,2019,1900
440,Finland,BEV,2020,4200
441,Finland,PHEV,2020,13000
442,Finland,FCEV,2021,1
443,Finland,PHEV,2021,20000
444,Finland,BEV,2021,10000
445,Finland,BEV,2022,15000
446,Finland,PHEV,2022,16000
447,Finland,PHEV,2023,18000
448,Finland,BEV,2023,30000
449,France,BEV,2010,190
450,France,PHEV,2010,82
451,France,PHEV,2011,56
452,France,BEV,2011,2600
453,France,BEV,2012,5700
454,France,PHEV,2012,660
455,France,PHEV,2013,850
456,France,BEV,2013,8900
457,France,FCEV,2013,1
458,France,FCEV,2014,1
459,France,BEV,2014,11000
460,France,PHEV,2014,2100
461,France,BEV,2015,18000
462,France,FCEV,2015,10
463,France,PHEV,2015,5800
464,France,PHEV,2016,7600
465,France,FCEV,2016,34
466,France,BEV,2016,23000
467,France,BEV,2017,26000
468,France,FCEV,2017,46
469,France,PHEV,2017,12000
470,France,PHEV,2018,15000
471,France,FCEV,2018,10
472,France,BEV,2018,33000
473,France,BEV,2019,45000
474,France,FCEV,2019,60
475,France,PHEV,2019,19000
476,France,PHEV,2020,75000
477,France,FCEV,2020,210
478,France,BEV,2020,110000
479,France,BEV,2021,170000
480,France,FCEV,2021,14
481,France,PHEV,2021,140000
482,France,PHEV,2022,130000
483,France,FCEV,2022,200
484,France,BEV,2022,210000
485,France,BEV,2023,310000
486,France,FCEV,2023,310
487,France,PHEV,2023,160000
488,Germany,BEV,2010,140
489,Germany,FCEV,2010,16
490,Germany,FCEV,2011,38
491,Germany,BEV,2011,1400
492,Germany,PHEV,2011,240
493,Germany,PHEV,2012,1200
494,Germany,BEV,2012,2200
495,Germany,FCEV,2012,29
496,Germany,FCEV,2013,23
497,Germany,BEV,2013,5200
498,Germany,PHEV,2013,1600
499,Germany,PHEV,2014,4400
500,Germany,BEV,2014,9100
501,Germany,FCEV,2014,8
502,Germany,FCEV,2015,63
503,Germany,BEV,2015,12000
504,Germany,PHEV,2015,11000
505,Germany,PHEV,2016,13000
506,Germany,BEV,2016,11000
507,Germany,FCEV,2017,82
508,Germany,BEV,2017,25000
509,Germany,PHEV,2017,29000
510,Germany,PHEV,2018,31000
511,Germany,BEV,2018,36000
512,Germany,FCEV,2018,110
513,Germany,FCEV,2019,200
514,Germany,BEV,2019,63000
515,Germany,PHEV,2019,45000
516,Germany,PHEV,2020,200000
517,Germany,BEV,2020,190000
518,Germany,FCEV,2020,200
519,Germany,FCEV,2021,460
520,Germany,BEV,2021,360000
521,Germany,PHEV,2021,330000
522,Germany,PHEV,2022,360000
523,Germany,BEV,2022,470000
524,Germany,FCEV,2022,840
525,Germany,FCEV,2023,260
526,Germany,BEV,2023,520000
527,Germany,PHEV,2023,180000
528,Greece,BEV,2013,3
529,Greece,BEV,2014,39
530,Greece,BEV,2015,35
531,Greece,PHEV,2015,22
532,Greece,PHEV,2016,56
533,Greece,BEV,2016,41
534,Greece,BEV,2017,50
535,Greece,PHEV,2017,140
536,Greece,PHEV,2018,210
537,Greece,BEV,2018,88
538,Greece,BEV,2019,190
539,Greece,PHEV,2019,290
540,Greece,PHEV,2020,1500
541,Greece,BEV,2020,680
542,Greece,BEV,2021,2200
543,Greece,PHEV,2021,4800
544,Greece,PHEV,2022,5500
545,Greece,BEV,2022,2800
546,Greece,BEV,2023,7000
547,Greece,PHEV,2023,10000
548,Hungary,PHEV,2015,15
549,Hungary,BEV,2015,120
550,Hungary,BEV,2016,170
551,Hungary,PHEV,2016,170
552,Hungary,PHEV,2017,440
553,Hungary,BEV,2017,750
554,Hungary,BEV,2018,1300
555,Hungary,PHEV,2018,770
556,Hungary,PHEV,2019,1100
557,Hungary,BEV,2019,1800
558,Hungary,BEV,2020,3000
559,Hungary,PHEV,2020,3000
560,Hungary,PHEV,2021,4200
561,Hungary,BEV,2021,4300
562,Hungary,BEV,2022,4700
563,Hungary,PHEV,2022,4900
564,Hungary,PHEV,2023,5500
565,Hungary,BEV,2023,5800
566,Iceland,FCEV,2010,11
567,Iceland,PHEV,2012,9
568,Iceland,BEV,2012,17
569,Iceland,BEV,2013,80
570,Iceland,PHEV,2013,23
571,Iceland,PHEV,2014,29
572,Iceland,BEV,2014,200
573,Iceland,BEV,2015,390
574,Iceland,PHEV,2015,170
575,Iceland,PHEV,2016,780
576,Iceland,BEV,2016,380
577,Iceland,BEV,2017,840
578,Iceland,PHEV,2017,2200
579,Iceland,PHEV,2018,2900
580,Iceland,FCEV,2018,16
581,Iceland,BEV,2018,780
582,Iceland,BEV,2019,1100
583,Iceland,FCEV,2019,7
584,Iceland,PHEV,2019,2000
585,Iceland,PHEV,2020,2400
586,Iceland,FCEV,2020,1
587,Iceland,BEV,2020,2500
588,Iceland,BEV,2021,4200
589,Iceland,FCEV,2021,3
590,Iceland,PHEV,2021,4900
591,Iceland,PHEV,2022,5100
592,Iceland,BEV,2022,6900
593,Iceland,BEV,2023,10000
594,Iceland,FCEV,2023,1
595,Iceland,PHEV,2023,2400
596,India,BEV,2010,450
597,India,BEV,2011,1400
598,India,BEV,2012,190
599,India,BEV,2013,410
600,India,BEV,2014,1000
601,India,BEV,2015,450
602,India,BEV,2016,730
603,India,BEV,2017,920
604,India,BEV,2018,920
605,India,BEV,2019,680
606,India,PHEV,2019,7
607,India,PHEV,2020,43
608,India,BEV,2020,3100
609,India,BEV,2021,12000
610,India,PHEV,2021,50
611,India,FCEV,2021,1
612,India,FCEV,2022,2
613,India,PHEV,2022,23
614,India,BEV,2022,48000
615,India,BEV,2023,82000
616,India,PHEV,2023,270
617,Ireland,BEV,2015,470
618,Ireland,PHEV,2015,120
619,Ireland,PHEV,2016,300
620,Ireland,BEV,2016,390
621,Ireland,BEV,2017,620
622,Ireland,PHEV,2017,330
623,Ireland,PHEV,2018,740
624,Ireland,BEV,2018,1200
625,Ireland,BEV,2019,3400
626,Ireland,PHEV,2019,1300
627,Ireland,PHEV,2020,2500
628,Ireland,BEV,2020,4000
629,Ireland,BEV,2021,8600
630,Ireland,PHEV,2021,7900
631,Ireland,PHEV,2022,7700
632,Ireland,BEV,2022,16000
633,Ireland,BEV,2023,23000
634,Ireland,PHEV,2023,10000
635,Israel,BEV,2011,3
636,Israel,BEV,2012,600
637,Israel,PHEV,2012,1
638,Israel,PHEV,2013,17
639,Israel,BEV,2013,460
640,Israel,BEV,2014,6
641,Israel,PHEV,2014,52
642,Israel,PHEV,2015,65
643,Israel,BEV,2015,3
644,Israel,BEV,2016,5
645,Israel,PHEV,2016,63
646,Israel,PHEV,2017,1500
647,Israel,BEV,2017,130
648,Israel,BEV,2018,130
649,Israel,PHEV,2018,3600
650,Israel,PHEV,2019,3900
651,Israel,BEV,2019,850
652,Israel,BEV,2020,1500
653,Israel,PHEV,2020,5400
654,Israel,PHEV,2021,13000
655,Israel,BEV,2021,11000
656,Israel,BEV,2022,27000
657,Israel,PHEV,2022,16000
658,Israel,PHEV,2023,16000
659,Israel,BEV,2023,49000
660,Italy,BEV,2010,40
661,Italy,BEV,2011,110
662,Italy,BEV,2012,460
663,Italy,BEV,2013,860
664,Italy,PHEV,2013,180
665,Italy,PHEV,2014,340
666,Italy,FCEV,2014,10
667,Italy,BEV,2014,1000
668,Italy,BEV,2015,1500
669,Italy,FCEV,2015,1
670,Italy,PHEV,2015,740
671,Italy,PHEV,2016,1300
672,Italy,BEV,2016,1400
673,Italy,BEV,2017,2000
674,Italy,PHEV,2017,2900
675,Italy,PHEV,2018,4700
676,Italy,FCEV,2018,1
677,Italy,BEV,2018,5000
678,Italy,BEV,2019,11000
679,Italy,FCEV,2019,17
680,Italy,PHEV,2019,6500
681,Italy,PHEV,2020,27000
682,Italy,FCEV,2020,7
683,Italy,BEV,2020,33000
684,Italy,BEV,2021,67000
685,Italy,FCEV,2021,10
686,Italy,PHEV,2021,71000
687,Italy,PHEV,2022,65000
688,Italy,FCEV,2022,11
689,Italy,BEV,2022,49000
690,Italy,BEV,2023,66000
691,Italy,FCEV,2023,2
692,Italy,PHEV,2023,70000
693,Japan,FCEV,2010,2
694,Japan,BEV,2010,2400
695,Japan,BEV,2011,13000
696,Japan,PHEV,2011,15
697,Japan,PHEV,2012,11000
698,Japan,FCEV,2012,1
699,Japan,BEV,2012,13000
700,Japan,FCEV,2013,4
701,Japan,BEV,2013,15000
702,Japan,PHEV,2013,14000
703,Japan,PHEV,2014,16000
704,Japan,BEV,2014,16000
705,Japan,FCEV,2014,7
706,Japan,FCEV,2015,390
707,Japan,BEV,2015,10000
708,Japan,PHEV,2015,14000
709,Japan,PHEV,2016,9400
710,Japan,BEV,2016,15000
711,Japan,FCEV,2016,1100
712,Japan,FCEV,2017,850
713,Japan,BEV,2017,18000
714,Japan,PHEV,2017,36000
715,Japan,PHEV,2018,23000
716,Japan,BEV,2018,27000
717,Japan,FCEV,2018,610
718,Japan,FCEV,2019,670
719,Japan,BEV,2019,21000
720,Japan,PHEV,2019,18000
721,Japan,PHEV,2020,15000
722,Japan,BEV,2020,15000
723,Japan,FCEV,2020,490
724,Japan,FCEV,2021,2500
725,Japan,BEV,2021,22000
726,Japan,PHEV,2021,23000
727,Japan,PHEV,2022,38000
728,Japan,BEV,2022,59000
729,Japan,FCEV,2022,990
730,Japan,FCEV,2023,320
731,Japan,BEV,2023,88000
732,Japan,PHEV,2023,52000
733,Korea,BEV,2010,61
734,Korea,BEV,2011,270
735,Korea,BEV,2012,510
736,Korea,BEV,2013,600
737,Korea,BEV,2014,1300
738,Korea,BEV,2015,3100
739,Korea,FCEV,2015,29
740,Korea,PHEV,2015,250
741,Korea,PHEV,2016,330
742,Korea,FCEV,2016,58
743,Korea,BEV,2016,4700
744,Korea,BEV,2017,14000
745,Korea,FCEV,2017,75
746,Korea,PHEV,2017,670
747,Korea,PHEV,2018,4400
748,Korea,FCEV,2018,910
749,Korea,BEV,2018,55000
750,Korea,BEV,2019,33000
751,Korea,FCEV,2019,4200
752,Korea,PHEV,2019,2700
753,Korea,PHEV,2020,8700
754,Korea,FCEV,2020,5000
755,Korea,BEV,2020,31000
756,Korea,BEV,2021,72000
757,Korea,FCEV,2021,9200
758,Korea,PHEV,2021,19000
759,Korea,PHEV,2022,11000
760,Korea,FCEV,2022,10000
761,Korea,BEV,2022,120000
762,Korea,BEV,2023,120000
763,Korea,FCEV,2023,4300
764,Korea,PHEV,2023,12000
765,Latvia,PHEV,2015,9
766,Latvia,BEV,2015,17
767,Latvia,BEV,2016,22
768,Latvia,PHEV,2016,18
769,Latvia,PHEV,2017,18
770,Latvia,BEV,2017,22
771,Latvia,BEV,2018,73
772,Latvia,PHEV,2018,17
773,Latvia,PHEV,2019,12
774,Latvia,BEV,2019,86
775,Latvia,BEV,2020,310
776,Latvia,PHEV,2020,73
777,Latvia,PHEV,2021,140
778,Latvia,BEV,2021,410
779,Latvia,BEV,2022,1100
780,Latvia,PHEV,2022,300
781,Latvia,PHEV,2023,360
782,Latvia,BEV,2023,1700
783,Lithuania,BEV,2015,37
784,Lithuania,BEV,2016,64
785,Lithuania,BEV,2017,52
786,Lithuania,BEV,2018,140
787,Lithuania,BEV,2019,160
788,Lithuania,BEV,2020,450
789,Lithuania,BEV,2021,1200
790,Lithuania,PHEV,2021,400
791,Lithuania,PHEV,2022,670
792,Lithuania,BEV,2022,1400
793,Lithuania,BEV,2023,2100
794,Luxembourg,PHEV,2019,910
795,Luxembourg,BEV,2019,990
796,Luxembourg,BEV,2020,2500
797,Luxembourg,PHEV,2020,2700
798,Luxembourg,PHEV,2021,4400
799,Luxembourg,BEV,2021,4600
800,Luxembourg,BEV,2022,6400
801,Luxembourg,PHEV,2022,3800
802,Luxembourg,PHEV,2023,4800
803,Luxembourg,BEV,2023,11000
804,Mexico,BEV,2011,3
805,Mexico,BEV,2012,88
806,Mexico,BEV,2013,12
807,Mexico,BEV,2014,48
808,Mexico,BEV,2015,92
809,Mexico,PHEV,2015,7
810,Mexico,PHEV,2016,520
811,Mexico,BEV,2016,250
812,Mexico,BEV,2017,230
813,Mexico,PHEV,2017,970
814,Mexico,PHEV,2018,1600
815,Mexico,BEV,2018,200
816,Mexico,BEV,2019,290
817,Mexico,PHEV,2019,1400
818,Mexico,PHEV,2020,2000
819,Mexico,BEV,2020,1800
820,Mexico,BEV,2021,3000
821,Mexico,PHEV,2021,3500
822,Mexico,PHEV,2022,4000
823,Mexico,BEV,2022,4400
824,Mexico,BEV,2023,13000
825,Mexico,PHEV,2023,2200
826,Netherlands,BEV,2010,120
827,Netherlands,BEV,2011,860
828,Netherlands,PHEV,2011,17
829,Netherlands,PHEV,2012,4300
830,Netherlands,BEV,2012,790
831,Netherlands,BEV,2013,2600
832,Netherlands,PHEV,2013,20000
833,Netherlands,PHEV,2014,12000
834,Netherlands,BEV,2014,2700
835,Netherlands,FCEV,2014,2
836,Netherlands,FCEV,2015,19
837,Netherlands,BEV,2015,3400
838,Netherlands,PHEV,2015,39000
839,Netherlands,PHEV,2016,18000
840,Netherlands,BEV,2016,4000
841,Netherlands,FCEV,2016,7
842,Netherlands,FCEV,2017,7
843,Netherlands,BEV,2017,8700
844,Netherlands,PHEV,2017,2500
845,Netherlands,PHEV,2018,5100
846,Netherlands,BEV,2018,25000
847,Netherlands,FCEV,2018,13
848,Netherlands,FCEV,2019,160
849,Netherlands,BEV,2019,63000
850,Netherlands,PHEV,2019,6700
851,Netherlands,PHEV,2020,18000
852,Netherlands,BEV,2020,76000
853,Netherlands,FCEV,2020,170
854,Netherlands,FCEV,2021,140
855,Netherlands,BEV,2021,70000
856,Netherlands,PHEV,2021,40000
857,Netherlands,PHEV,2022,50000
858,Netherlands,BEV,2022,87000
859,Netherlands,FCEV,2022,87
860,Netherlands,FCEV,2023,65
861,Netherlands,BEV,2023,130000
862,Netherlands,PHEV,2023,80000
863,New Zealand,BEV,2010,10
864,New Zealand,PHEV,2011,2
865,New Zealand,BEV,2011,13
866,New Zealand,BEV,2012,22
867,New Zealand,PHEV,2012,5
868,New Zealand,PHEV,2013,6
869,New Zealand,BEV,2013,30
870,New Zealand,BEV,2014,110
871,New Zealand,PHEV,2014,210
872,New Zealand,PHEV,2015,200
873,New Zealand,BEV,2015,300
874,New Zealand,BEV,2016,1200
875,New Zealand,PHEV,2016,340
876,New Zealand,PHEV,2017,540
877,New Zealand,BEV,2017,2900
878,New Zealand,BEV,2018,4400
879,New Zealand,PHEV,2018,1200
880,New Zealand,PHEV,2019,1600
881,New Zealand,FCEV,2019,2
882,New Zealand,BEV,2019,5300
883,New Zealand,FCEV,2020,3
884,New Zealand,PHEV,2020,1500
885,New Zealand,BEV,2020,3900
886,New Zealand,BEV,2021,6800
887,New Zealand,PHEV,2021,3500
888,New Zealand,FCEV,2021,1
889,New Zealand,FCEV,2022,10
890,New Zealand,PHEV,2022,9200
891,New Zealand,BEV,2022,19000
892,New Zealand,BEV,2023,26000
893,New Zealand,PHEV,2023,12000
894,New Zealand,FCEV,2023,4
895,Norway,BEV,2010,360
896,Norway,BEV,2011,2000
897,Norway,PHEV,2012,320
898,Norway,BEV,2012,3900
899,Norway,BEV,2013,7900
900,Norway,PHEV,2013,340
901,Norway,PHEV,2014,1700
902,Norway,BEV,2014,20000
903,Norway,FCEV,2014,4
904,Norway,FCEV,2015,9
905,Norway,BEV,2015,26000
906,Norway,PHEV,2015,7900
907,Norway,PHEV,2016,21000
908,Norway,BEV,2016,24000
909,Norway,FCEV,2016,20
910,Norway,FCEV,2017,30
911,Norway,BEV,2017,33000
912,Norway,PHEV,2017,29000
913,Norway,PHEV,2018,27000
914,Norway,FCEV,2018,45
915,Norway,BEV,2018,46000
916,Norway,BEV,2019,60000
917,Norway,FCEV,2019,29
918,Norway,PHEV,2019,19000
919,Norway,PHEV,2020,29000
920,Norway,FCEV,2020,16
921,Norway,BEV,2020,77000
922,Norway,BEV,2021,110000
923,Norway,FCEV,2021,39
924,Norway,PHEV,2021,38000
925,Norway,PHEV,2022,16000
926,Norway,FCEV,2022,27
927,Norway,BEV,2022,140000
928,Norway,BEV,2023,100000
929,Norway,FCEV,2023,6
930,Norway,PHEV,2023,10000
931,Poland,BEV,2010,15
932,Poland,PHEV,2010,1
933,Poland,BEV,2011,43
934,Poland,BEV,2012,44
935,Poland,PHEV,2012,4
936,Poland,PHEV,2013,6
937,Poland,BEV,2013,31
938,Poland,BEV,2014,140
939,Poland,PHEV,2014,61
940,Poland,PHEV,2015,150
941,Poland,BEV,2015,70
942,Poland,BEV,2016,110
943,Poland,PHEV,2016,400
944,Poland,PHEV,2017,640
945,Poland,BEV,2017,440
946,Poland,BEV,2018,620
947,Poland,PHEV,2018,760
948,Poland,FCEV,2018,1
949,Poland,PHEV,2019,1200
950,Poland,BEV,2019,1500
951,Poland,BEV,2020,3700
952,Poland,PHEV,2020,4500
953,Poland,FCEV,2021,78
954,Poland,PHEV,2021,9100
955,Poland,BEV,2021,7200
956,Poland,BEV,2022,14000
957,Poland,PHEV,2022,11000
958,Poland,FCEV,2022,46
959,Poland,FCEV,2023,83
960,Poland,PHEV,2023,13000
961,Poland,BEV,2023,17000
962,Portugal,BEV,2010,13
963,Portugal,BEV,2011,170
964,Portugal,PHEV,2011,2
965,Portugal,PHEV,2012,30
966,Portugal,BEV,2012,54
967,Portugal,BEV,2013,150
968,Portugal,PHEV,2013,35
969,Portugal,PHEV,2014,98
970,Portugal,BEV,2014,190
971,Portugal,BEV,2015,670
972,Portugal,PHEV,2015,430
973,Portugal,PHEV,2016,1000
974,Portugal,BEV,2016,800
975,Portugal,BEV,2017,1900
976,Portugal,PHEV,2017,2500
977,Portugal,PHEV,2018,3900
978,Portugal,BEV,2018,4300
979,Portugal,BEV,2019,6800
980,Portugal,PHEV,2019,5800
981,Portugal,PHEV,2020,12000
982,Portugal,BEV,2020,7800
983,Portugal,FCEV,2021,1
984,Portugal,BEV,2021,13000
985,Portugal,PHEV,2021,16000
986,Portugal,PHEV,2022,16000
987,Portugal,BEV,2022,18000
988,Portugal,FCEV,2023,2
989,Portugal,BEV,2023,36000
990,Portugal,PHEV,2023,27000
991,Rest of the world,BEV,2011,42
992,Rest of the world,BEV,2012,380
993,Rest of the world,PHEV,2012,68
994,Rest of the world,PHEV,2013,21
995,Rest of the world,BEV,2013,190
996,Rest of the world,BEV,2014,150
997,Rest of the world,PHEV,2014,400
998,Rest of the world,PHEV,2015,900
999,Rest of the world,BEV,2015,3400
1000,Rest of the world,BEV,2016,880
1001,Rest of the world,PHEV,2016,700
1002,Rest of the world,PHEV,2017,570
1003,Rest of the world,BEV,2017,1900
1004,Rest of the world,BEV,2018,1700
1005,Rest of the world,PHEV,2018,2300
1006,Rest of the world,PHEV,2019,2800
1007,Rest of the world,BEV,2019,5200
1008,Rest of the world,BEV,2020,12000
1009,Rest of the world,PHEV,2020,3200
1010,Rest of the world,FCEV,2020,4
1011,Rest of the world,PHEV,2021,5900
1012,Rest of the world,BEV,2021,21000
1013,Rest of the world,BEV,2022,48000
1014,Rest of the world,PHEV,2022,7900
1015,Rest of the world,FCEV,2022,1
1016,Rest of the world,PHEV,2023,26000
1017,Rest of the world,BEV,2023,100000
1018,Romania,BEV,2015,24
1019,Romania,BEV,2016,74
1020,Romania,BEV,2017,190
1021,Romania,BEV,2018,600
1022,Romania,BEV,2019,1500
1023,Romania,BEV,2020,2800
1024,Romania,PHEV,2020,1000
1025,Romania,BEV,2021,6300
1026,Romania,BEV,2022,12000
1027,Romania,BEV,2023,15000
1028,Seychelles,BEV,2015,3
1029,Seychelles,BEV,2016,12
1030,Seychelles,BEV,2017,30
1031,Seychelles,BEV,2018,32
1032,Seychelles,BEV,2019,37
1033,Seychelles,BEV,2020,26
1034,Seychelles,BEV,2021,61
1035,Seychelles,BEV,2022,37
1036,Seychelles,BEV,2023,100
1037,Slovakia,BEV,2015,52
1038,Slovakia,BEV,2016,59
1039,Slovakia,BEV,2017,210
1040,Slovakia,BEV,2018,290
1041,Slovakia,BEV,2019,160
1042,Slovakia,PHEV,2019,200
1043,Slovakia,PHEV,2020,860
1044,Slovakia,BEV,2020,920
1045,Slovakia,BEV,2021,1100
1046,Slovakia,PHEV,2021,1200
1047,Slovakia,PHEV,2022,1600
1048,Slovakia,BEV,2022,1400
1049,Slovakia,BEV,2023,2300
1050,Slovakia,PHEV,2023,3000
1051,Slovenia,PHEV,2016,46
1052,Slovenia,BEV,2016,140
1053,Slovenia,BEV,2017,290
1054,Slovenia,PHEV,2017,170
1055,Slovenia,PHEV,2018,190
1056,Slovenia,BEV,2018,470
1057,Slovenia,BEV,2019,190
1058,Slovenia,PHEV,2019,28
1059,Slovenia,PHEV,2020,39
1060,Slovenia,BEV,2020,1600
1061,Slovenia,BEV,2021,1700
1062,Slovenia,PHEV,2021,310
1063,Slovenia,PHEV,2022,590
1064,Slovenia,BEV,2022,2300
1065,Slovenia,BEV,2023,4300
1066,Slovenia,PHEV,2023,1000
1067,South Africa,BEV,2013,34
1068,South Africa,BEV,2014,14
1069,South Africa,PHEV,2014,1
1070,South Africa,PHEV,2015,120
1071,South Africa,BEV,2015,120
1072,South Africa,BEV,2016,100
1073,South Africa,PHEV,2016,280
1074,South Africa,PHEV,2017,130
1075,South Africa,BEV,2017,68
1076,South Africa,BEV,2018,66
1077,South Africa,PHEV,2018,82
1078,South Africa,PHEV,2019,72
1079,South Africa,BEV,2019,160
1080,South Africa,BEV,2020,92
1081,South Africa,PHEV,2020,150
1082,South Africa,PHEV,2021,51
1083,South Africa,FCEV,2021,1
1084,South Africa,BEV,2021,220
1085,South Africa,BEV,2022,500
1086,South Africa,FCEV,2022,2
1087,South Africa,PHEV,2022,120
1088,South Africa,PHEV,2023,270
1089,South Africa,BEV,2023,810
1090,Spain,BEV,2010,76
1091,Spain,BEV,2011,390
1092,Spain,PHEV,2011,8
1093,Spain,PHEV,2012,110
1094,Spain,BEV,2012,430
1095,Spain,BEV,2013,810
1096,Spain,PHEV,2013,72
1097,Spain,PHEV,2014,330
1098,Spain,BEV,2014,1400
1099,Spain,BEV,2015,1300
1100,Spain,PHEV,2015,780
1101,Spain,PHEV,2016,1500
1102,Spain,BEV,2016,2000
1103,Spain,BEV,2017,3900
1104,Spain,PHEV,2017,3500
1105,Spain,FCEV,2018,1
1106,Spain,PHEV,2018,5600
1107,Spain,BEV,2018,6000
1108,Spain,BEV,2019,10000
1109,Spain,PHEV,2019,7400
1110,Spain,FCEV,2019,1
1111,Spain,FCEV,2020,7
1112,Spain,PHEV,2020,24000
1113,Spain,BEV,2020,18000
1114,Spain,BEV,2021,24000
1115,Spain,PHEV,2021,43000
1116,Spain,FCEV,2021,10
1117,Spain,FCEV,2022,4
1118,Spain,PHEV,2022,49000
1119,Spain,BEV,2022,33000
1120,Spain,BEV,2023,57000
1121,Spain,PHEV,2023,65000
1122,Spain,FCEV,2023,4
1123,Sweden,BEV,2010,4
1124,Sweden,BEV,2011,180
1125,Sweden,BEV,2012,270
1126,Sweden,PHEV,2012,660
1127,Sweden,PHEV,2013,1100
1128,Sweden,FCEV,2013,3
1129,Sweden,BEV,2013,430
1130,Sweden,BEV,2014,1200
1131,Sweden,PHEV,2014,3400
1132,Sweden,PHEV,2015,5700
1133,Sweden,FCEV,2015,1
1134,Sweden,BEV,2015,3000
1135,Sweden,BEV,2016,2900
1136,Sweden,FCEV,2016,3
1137,Sweden,PHEV,2016,10000
1138,Sweden,PHEV,2017,16000
1139,Sweden,FCEV,2017,14
1140,Sweden,BEV,2017,4400
1141,Sweden,BEV,2018,7100
1142,Sweden,PHEV,2018,22000
1143,Sweden,PHEV,2019,25000
1144,Sweden,FCEV,2019,2
1145,Sweden,BEV,2019,16000
1146,Sweden,BEV,2020,28000
1147,Sweden,FCEV,2020,5
1148,Sweden,PHEV,2020,66000
1149,Sweden,PHEV,2021,78000
1150,Sweden,FCEV,2021,16
1151,Sweden,BEV,2021,57000
1152,Sweden,BEV,2022,96000
1153,Sweden,FCEV,2022,2
1154,Sweden,PHEV,2022,67000
1155,Sweden,PHEV,2023,61000
1156,Sweden,FCEV,2023,2
1157,Sweden,BEV,2023,110000
1158,Switzerland,BEV,2011,400
1159,Switzerland,PHEV,2011,41
1160,Switzerland,PHEV,2012,400
1161,Switzerland,BEV,2012,340
1162,Switzerland,BEV,2013,1200
1163,Switzerland,PHEV,2013,170
1164,Switzerland,PHEV,2014,200
1165,Switzerland,BEV,2014,2700
1166,Switzerland,BEV,2015,3300
1167,Switzerland,FCEV,2015,10
1168,Switzerland,PHEV,2015,2400
1169,Switzerland,PHEV,2016,2800
1170,Switzerland,FCEV,2016,26
1171,Switzerland,BEV,2016,3300
1172,Switzerland,BEV,2017,4800
1173,Switzerland,FCEV,2017,1
1174,Switzerland,PHEV,2017,3600
1175,Switzerland,PHEV,2018,4400
1176,Switzerland,FCEV,2018,22
1177,Switzerland,BEV,2018,5100
1178,Switzerland,BEV,2019,13000
1179,Switzerland,FCEV,2019,25
1180,Switzerland,PHEV,2019,4300
1181,Switzerland,PHEV,2020,14000
1182,Switzerland,BEV,2020,20000
1183,Switzerland,BEV,2021,32000
1184,Switzerland,FCEV,2021,56
1185,Switzerland,PHEV,2021,22000
1186,Switzerland,PHEV,2022,19000
1187,Switzerland,FCEV,2022,72
1188,Switzerland,BEV,2022,40000
1189,Switzerland,BEV,2023,53000
1190,Switzerland,FCEV,2023,27
1191,Switzerland,PHEV,2023,23000
1192,Turkiye,BEV,2012,92
1193,Turkiye,PHEV,2013,1
1194,Turkiye,PHEV,2014,22
1195,Turkiye,BEV,2014,46
1196,Turkiye,PHEV,2015,110
1197,Turkiye,BEV,2015,120
1198,Turkiye,BEV,2016,44
1199,Turkiye,PHEV,2016,83
1200,Turkiye,PHEV,2017,34
1201,Turkiye,BEV,2017,77
1202,Turkiye,BEV,2018,190
1203,Turkiye,PHEV,2018,45
1204,Turkiye,PHEV,2019,94
1205,Turkiye,BEV,2019,230
1206,Turkiye,BEV,2020,890
1207,Turkiye,PHEV,2020,400
1208,Turkiye,PHEV,2021,920
1209,Turkiye,BEV,2021,3000
1210,Turkiye,BEV,2022,7000
1211,Turkiye,PHEV,2022,540
1212,Turkiye,PHEV,2023,2700
1213,Turkiye,BEV,2023,66000
1214,United Arab Emirates,PHEV,2018,60
1215,United Arab Emirates,BEV,2018,59
1216,United Arab Emirates,BEV,2019,33
1217,United Arab Emirates,PHEV,2019,61
1218,United Arab Emirates,PHEV,2020,61
1219,United Arab Emirates,BEV,2020,630
1220,United Arab Emirates,BEV,2021,2100
1221,United Arab Emirates,PHEV,2021,2000
1222,United Arab Emirates,PHEV,2022,3900
1223,United Arab Emirates,BEV,2022,15000
1224,United Arab Emirates,PHEV,2023,5900
1225,United Arab Emirates,BEV,2023,23000
1226,United Kingdom,BEV,2010,240
1227,United Kingdom,PHEV,2010,21
1228,United Kingdom,PHEV,2011,7
1229,United Kingdom,BEV,2011,1200
1230,United Kingdom,BEV,2012,1600
1231,United Kingdom,PHEV,2012,970
1232,United Kingdom,PHEV,2013,1100
1233,United Kingdom,BEV,2013,2600
1234,United Kingdom,BEV,2014,6700
1235,United Kingdom,PHEV,2014,7800
1236,United Kingdom,PHEV,2015,19000
1237,United Kingdom,FCEV,2015,11
1238,United Kingdom,BEV,2015,10000
1239,United Kingdom,BEV,2016,10000
1240,United Kingdom,FCEV,2016,10
1241,United Kingdom,PHEV,2016,29000
1242,United Kingdom,PHEV,2017,35000
1243,United Kingdom,FCEV,2017,34
1244,United Kingdom,BEV,2017,14000
1245,United Kingdom,BEV,2018,16000
1246,United Kingdom,FCEV,2018,36
1247,United Kingdom,PHEV,2018,46000
1248,United Kingdom,PHEV,2019,37000
1249,United Kingdom,FCEV,2019,68
1250,United Kingdom,BEV,2019,38000
1251,United Kingdom,BEV,2020,110000
1252,United Kingdom,FCEV,2020,57
1253,United Kingdom,PHEV,2020,68000
1254,United Kingdom,PHEV,2021,120000
1255,United Kingdom,FCEV,2021,12
1256,United Kingdom,BEV,2021,190000
1257,United Kingdom,BEV,2022,270000
1258,United Kingdom,FCEV,2022,7
1259,United Kingdom,PHEV,2022,100000
1260,United Kingdom,PHEV,2023,140000
1261,United Kingdom,FCEV,2023,25
1262,United Kingdom,BEV,2023,310000
1263,USA,BEV,2010,1200
1264,USA,BEV,2011,9800
1265,USA,PHEV,2011,8000
1266,USA,PHEV,2012,39000
1267,USA,BEV,2012,15000
1268,USA,BEV,2013,48000
1269,USA,PHEV,2013,49000
1270,USA,PHEV,2014,55000
1271,USA,FCEV,2014,55
1272,USA,BEV,2014,63000
1273,USA,BEV,2015,71000
1274,USA,FCEV,2015,100
1275,USA,PHEV,2015,43000
1276,USA,PHEV,2016,73000
1277,USA,FCEV,2016,1100
1278,USA,BEV,2016,87000
1279,USA,BEV,2017,100000
1280,USA,FCEV,2017,2300
1281,USA,PHEV,2017,94000
1282,USA,PHEV,2018,120000
1283,USA,FCEV,2018,2700
1284,USA,BEV,2018,240000
1285,USA,BEV,2019,240000
1286,USA,FCEV,2019,2000
1287,USA,PHEV,2019,85000
1288,USA,PHEV,2020,64000
1289,USA,FCEV,2020,1200
1290,USA,BEV,2020,230000
1291,USA,BEV,2021,470000
1292,USA,FCEV,2021,3100
1293,USA,PHEV,2021,160000
1294,USA,PHEV,2022,190000
1295,USA,FCEV,2022,2700
1296,USA,BEV,2022,800000
1297,USA,BEV,2023,1100000
1298,USA,FCEV,2023,3000
1299,USA,PHEV,2023,290000
1300,World,FCEV,2010,29
1301,World,BEV,2010,7000
1302,World,PHEV,2010,450
1303,World,PHEV,2011,9000
1304,World,BEV,2011,40000
1305,World,FCEV,2011,38
1306,World,FCEV,2012,30
1307,World,BEV,2012,59000
1308,World,PHEV,2012,61000
1309,World,PHEV,2013,91000
1310,World,BEV,2013,110000
1311,World,FCEV,2013,46
1312,World,FCEV,2014,94
1313,World,BEV,2014,200000
1314,World,PHEV,2014,130000
1315,World,PHEV,2015,220000
1316,World,BEV,2015,330000
1317,World,FCEV,2015,710
1318,World,FCEV,2016,2400
1319,World,BEV,2016,470000
1320,World,PHEV,2016,290000
1321,World,PHEV,2017,420000
1322,World,BEV,2017,760000
1323,World,FCEV,2017,3500
1324,World,FCEV,2018,4500
1325,World,BEV,2018,1400000
1326,World,PHEV,2018,660000
1327,World,PHEV,2019,580000
1328,World,BEV,2019,1500000
1329,World,FCEV,2019,7500
1330,World,FCEV,2020,7400
1331,World,BEV,2020,2000000
1332,World,PHEV,2020,980000
1333,World,PHEV,2021,1900000
1334,World,BEV,2021,4700000
1335,World,FCEV,2021,16000
1336,World,FCEV,2022,15000
1337,World,BEV,2022,7300000
1338,World,PHEV,2022,2900000
1339,World,PHEV,2023,4300000
1340,World,BEV,2023,9500000
1341,World,FCEV,2023,8900
